alias,team
Ascoli,Ascoli
Atalanta,Atalanta
Bari,Bari
Benevento,Benevento
Bologna,Bologna
Brescia,Brescia
Cagliari,Cagliari
Carpi,Carpi
Catania,Catania
Cesena,Cesena
Chievo,Chievo
Chievo Verona,Chievo
Como,Como
Cremonese,Cremonese
Crotone,Crotone
Empoli,Empoli
Fiorentina,Fiorentina
Frosinone,Frosinone
Genoa,Genoa
Inter,Inter
Internazionale,Inter
Inter Milan,Inter
Juventus,Juventus
Lazio,Lazio
Lecce,Lecce
Livorno,Livorno
Messina,Messina
Milan,Milan
AC Milan,Milan
Monza,Monza
Napoli,Napoli
Novara,Novara
Palermo,Palermo
Parma,Parma
Pescara,Pescara
Pisa,Pisa
Reggina,Reggina
Roma,Roma
AS Roma,Roma
Salernitana,Salernitana
Sampdoria,Sampdoria
Sassuolo,Sassuolo
Siena,Siena
Spal,Spal
SPAL,Spal
Spezia,Spezia
Torino,Torino
Treviso,Treviso
Udinese,Udinese
Venezia,Venezia
Verona,Verona
Hellas Verona,Verona
